name,handedness,height,weight,avg,HR,weight_bin
Vida Blue,B,72,189,0.104,4,190
Mickey Lolich,B,73,170,0.11,0,170
Jack Billingham,R,76,195,0.111,0,200
Bob Veale,B,78,212,0.114,0,220
Steve Barber,L,72,195,0.115,5,200
Jerry Koosman,R,74,205,0.119,2,210
Burt Hooton,R,73,210,0.123,4,210
Ray Culp,R,72,200,0.123,1,200
Fred Norman,B,68,155,0.125,0,160
Al Downing,R,71,175,0.127,2,180
Joaquin Andujar,B,72,170,0.127,5,170
Denny Lemaster,R,73,182,0.13,4,190
Gaylord Perry,R,76,205,0.131,6,210
Randy Jones,R,72,178,0.132,0,180
Mario Soto,R,72,174,0.132,1,180
Denny McLain,R,73,185,0.133,1,190
Dave McNally,R,71,185,0.133,9,190
Joe Horlen,R,72,170,0.134,0,170
Larry Dierker,R,76,215,0.136,4,220
Jim Lonborg,R,77,200,0.136,3,200
Bob Knepper,L,75,195,0.137,6,200
Gary Nolan,R,74,197,0.138,1,200
Steve Rogers,R,74,175,0.138,0,180
Woodie Fryman,R,75,197,0.138,2,200
Don Sutton,R,73,185,0.144,0,190
Don Wilson,R,74,195,0.146,1,200
Ray Burris,R,77,200,0.151,1,200
Tom Seaver,R,73,195,0.154,12,200
Sam McDowell,L,77,190,0.154,2,190
Joe Niekro,R,73,185,0.156,1,190
Carl Morton,R,72,200,0.156,7,200
Tommy John,R,75,180,0.157,5,180
Ron Reed,R,78,215,0.158,0,220
Fritz Peterson,B,72,185,0.159,2,190
Mel Stottlemyre,R,73,178,0.16,7,180
John Vukovich,R,73,187,0.161,6,190
Jim Barr,R,75,205,0.162,1,210
Ken Holtzman,R,74,175,0.163,2,180
Luis Tiant,R,72,180,0.164,5,180
Fergie Jenkins,R,77,205,0.165,13,210
Juan Marichal,R,72,185,0.165,4,190
Jerry Reuss,L,77,200,0.167,1,200
J.R. Richard,R,80,222,0.168,10,230
Phil Niekro,R,73,180,0.169,7,180
Andy Messersmith,R,73,200,0.17,5,200
John Denny,R,75,185,0.17,0,190
Steve Blass,R,72,165,0.172,1,170
Sonny Siebert,R,75,190,0.173,12,190
Ray Oyler,R,71,165,0.175,15,170
Tommy Dean,R,72,165,0.18,4,170
Dick Ruthven,R,75,190,0.183,1,190
Bill Plummer,R,73,190,0.188,14,190
Ron Clark,R,70,175,0.189,5,180
Ray Sadecki,L,71,180,0.191,5,180
Tony Cloninger,R,72,210,0.192,11,210
Mike Ryan,R,74,205,0.193,28,210
Mike Krukow,R,77,205,0.193,5,210
Luis Pujols,R,74,175,0.193,6,180
Dave Roberts,L,75,195,0.194,7,200
Rick Wise,R,73,180,0.195,15,180
Rich Morales,R,71,170,0.195,6,170
Dan Briggs,L,72,180,0.195,12,180
Jim French,L,68,180,0.196,5,180
Bob Davis,R,72,180,0.197,6,180
Doug Camilli,R,71,195,0.199,18,200
Frank Fernandez,R,72,185,0.199,39,190
Orlando Mercado,R,72,180,0.199,7,180
Bob Uecker,R,73,190,0.2,14,190
Tom Egan,R,76,218,0.2,22,220
John Hale,L,74,195,0.201,14,200
Jim Maloney,L,74,190,0.201,7,190
Steve Carlton,L,76,210,0.201,13,210
Jim Rooker,R,72,195,0.201,7,200
Doug Frobel,L,76,196,0.201,20,200
Jim Mason,L,74,185,0.203,12,190
Jerry Zimmerman,R,74,185,0.204,3,190
Don Mason,L,71,160,0.205,3,160
Tom Nieto,R,73,193,0.205,5,200
George Smith,R,70,170,0.205,9,170
Buddy Biancalana,B,71,160,0.205,6,160
Steve Huntz,B,73,204,0.206,16,210
Dick Simpson,R,76,176,0.207,15,180
Tom Lawless,R,71,170,0.207,2,170
Jackie Hernandez,R,71,165,0.208,12,170
Bobby Klaus,R,70,170,0.208,6,170
Steve Jeltz,B,71,180,0.21,5,180
Luis Gomez,R,69,150,0.21,0,160
Jack Heidemann,R,72,175,0.211,9,180
Terry Humphrey,R,75,185,0.211,6,190
Jerry Narron,L,75,205,0.211,21,210
Rusty Torres,B,70,175,0.212,35,180
Angel Salazar,R,72,180,0.212,2,180
Ned Yost,R,73,190,0.212,16,190
Rudy Meoli,L,69,165,0.212,2,170
Dave Nicholson,R,74,215,0.212,61,220
Dave Hilton,R,71,191,0.213,6,200
Alan Knicely,R,72,190,0.213,12,190
Ken Rudolph,R,73,180,0.213,6,180
Curt Motton,R,68,164,0.213,25,170
Dick Tracewski,R,71,160,0.213,8,160
Dave Campbell,R,73,180,0.213,20,180
Bob Forsch,R,76,200,0.213,12,200
Mick Kelleher,R,69,176,0.213,0,180
Luis Alvarado,R,69,162,0.214,5,170
Dave Duncan,R,74,190,0.214,109,190
Jim Price,R,72,192,0.214,18,200
Jeff Torborg,R,72,195,0.214,8,200
Hal King,L,73,200,0.214,24,200
Frank Quilici,R,73,170,0.214,5,170
Larry Haney,R,74,195,0.215,12,200
Phil Roof,R,74,190,0.215,43,190
Jose Arcia,R,75,170,0.215,1,170
Mario Mendoza,R,71,170,0.215,4,170
Steve Renko,R,77,230,0.215,6,230
Tom Matchick,L,73,173,0.215,4,180
Skip Jutze,R,71,190,0.215,3,190
Bobby Wine,R,73,187,0.215,30,190
Hector Torres,R,72,175,0.216,18,180
Joe Lovitto,B,72,185,0.216,4,190
Steve Swisher,R,74,205,0.216,20,210
Pat Corrales,R,72,180,0.216,4,180
Billy Bryan,L,76,200,0.216,41,200
Howie Goss,R,76,204,0.216,11,210
Fred Stanley,R,70,165,0.216,10,170
John Stephenson,L,71,180,0.216,12,180
Dal Maxvill,R,71,157,0.217,6,160
Vic Harris,B,71,165,0.217,13,170
Darrel Chaney,B,74,188,0.217,14,190
Jim Anderson,R,72,170,0.218,13,170
Stan Papi,R,72,170,0.218,7,170
Tucker Ashford,R,73,195,0.218,6,200
Ted Ford,R,70,180,0.219,17,180
Craig Robinson,R,70,165,0.219,0,170
John Boccabella,R,73,195,0.219,26,200
Al Weis,B,72,160,0.219,7,160
Jerry Buchek,R,71,185,0.22,22,190
Tim Cullen,R,73,185,0.22,9,190
Ed Crosby,L,74,175,0.22,0,180
Danny Ainge,R,76,175,0.22,2,180
Jim Nettles,L,72,186,0.22,16,190
Pedro Garcia,R,70,175,0.22,37,180
Rick Auerbach,R,72,165,0.22,9,170
Todd Cruz,R,72,175,0.22,34,180
Mike Fischlin,R,73,165,0.22,3,170
Ellie Hendricks,L,73,175,0.22,62,180
Bob Coluccio,R,71,183,0.22,26,190
Duffy Dyer,R,72,187,0.221,30,190
Larry Cox,R,70,178,0.221,12,180
Ken Gerhart,R,72,190,0.221,24,190
Gary Allenson,R,71,185,0.221,19,190
Bob Jones,L,74,195,0.221,20,200
Rick Renick,R,72,188,0.221,20,190
Kevin Bell,R,72,195,0.222,13,200
Johnnie LeMaster,R,74,165,0.222,22,170
Danny Walton,R,72,195,0.223,28,200
Joe Lahoud,L,73,198,0.223,65,200
Marc Hill,R,75,205,0.223,34,210
Nelson Mathews,R,76,195,0.223,22,200
Tim Johnson,L,73,170,0.223,0,170
Sam Bowens,R,73,188,0.223,45,190
Andres Mora,R,72,180,0.223,27,180
Jimmie Schaffer,R,69,170,0.223,11,170
Jeff Newman,R,74,215,0.224,63,220
Ed Brinkman,R,72,170,0.224,60,170
Enzo Hernandez,R,68,155,0.224,2,160
Carmen Fanzone,R,72,200,0.224,20,200
Roger Repoz,L,75,190,0.224,82,190
Dick Nen,L,74,200,0.224,21,200
Bob Burda,L,71,174,0.224,13,180
Buck Martinez,R,70,190,0.225,58,190
Bobby Cox,R,71,180,0.225,9,180
Tom Satriano,L,73,185,0.225,21,190
Paul Casanova,R,76,180,0.225,50,180
Hector Cruz,R,71,170,0.225,39,170
Tim Laudner,R,75,212,0.225,77,220
Gorman Thomas,R,74,210,0.225,268,210
Rich McKinney,R,71,185,0.225,20,190
John Kennedy,R,72,185,0.225,32,190
Tommie Reynolds,R,74,190,0.226,12,190
Mike Richardt,R,72,170,0.226,4,170
Mike Sadek,R,69,165,0.226,5,170
Jim Gosger,L,71,185,0.226,30,190
Buddy Bradford,R,71,170,0.226,52,170
Nate Oliver,R,70,160,0.226,2,160
Catfish Hunter,R,72,190,0.226,6,190
Bob Barton,R,72,175,0.226,9,180
Pete Mackanin,R,74,190,0.226,30,190
Johnny Lewis,L,73,189,0.227,22,190
Sal Butera,R,72,190,0.227,8,190
Dick Billings,R,73,195,0.227,16,200
Chris Bando,B,72,195,0.227,27,200
Larry Lintz,B,69,150,0.227,0,160
Mike Fiore,L,72,175,0.227,13,180
Bill Voss,L,74,160,0.227,19,160
Jim Traber,L,72,194,0.227,27,200
Ken Suarez,R,69,175,0.227,5,180
Joe Nossek,R,72,178,0.228,3,180
Mark Belanger,R,73,170,0.228,20,170
Steve Yeager,R,72,190,0.228,102,190
Brian Giles,R,73,165,0.228,10,170
Hal Lanier,R,74,180,0.228,8,180
Russ Gibson,R,73,195,0.228,8,200
Tim Blackwell,B,71,170,0.228,6,170
Wayne Comer,R,70,175,0.229,16,180
Dave McKay,B,73,195,0.229,21,200
Bob Didier,B,72,190,0.229,0,190
Mike Champion,R,72,185,0.229,2,190
Dick Phillips,L,72,180,0.229,12,180
Duane Walker,L,72,185,0.229,24,190
Vic Correll,R,70,185,0.229,29,190
Glenn Borgmann,R,76,210,0.229,16,210
Tommie Aaron,R,75,190,0.229,13,190
Dave Hostetler,R,76,215,0.229,37,220
Doug Clemens,L,72,180,0.229,12,180
Don Leppert,R,74,220,0.229,15,220
Mike Brumley,L,70,195,0.229,5,200
Gene Michael,B,74,183,0.229,15,190
Syd O'Brien,R,73,185,0.23,24,190
Billy Smith,B,74,185,0.23,17,190
Steve Whitaker,L,72,180,0.23,24,180
Lenn Sakata,R,69,160,0.23,25,160
Cap Peterson,R,74,195,0.23,19,200
Sandy Valdespino,L,68,170,0.23,7,170
Barry Foote,R,75,205,0.23,57,210
Gary Alexander,R,74,195,0.23,55,200
John Bateman,R,75,210,0.23,81,210
Winston Llenas,R,70,165,0.23,3,170
Brad Wellman,R,72,170,0.231,6,170
Ted Kubiak,B,72,175,0.231,13,180
Roger Metzger,B,72,165,0.231,5,170
Ken Walters,R,73,180,0.231,11,180
Jim Beauchamp,R,74,190,0.231,14,190
Elio Chacon,R,69,160,0.232,4,160
Vern Fuller,R,73,170,0.232,14,170
Larry Stahl,L,72,175,0.232,36,180
Bob Tillman,R,76,205,0.232,79,210
Ron Gardenhire,R,72,175,0.232,4,180
Buck Rodgers,B,74,190,0.232,31,190
Frank Duffy,R,73,180,0.232,26,180
Steve Lombardozzi,R,72,175,0.233,20,180
Larry Brown,R,70,160,0.233,47,160
Jake Gibbs,L,72,180,0.233,25,180
Wayne Gross,L,74,210,0.233,121,210
Coco Laboy,R,70,165,0.233,28,170
Bob Kearney,R,72,190,0.233,27,190
Ron Woods,R,70,168,0.233,26,170
Paul Popovich,B,72,175,0.233,14,180
Joe Lis,R,72,175,0.233,32,180
Terry Harmon,R,74,180,0.233,4,180
Clay Dalrymple,L,72,190,0.233,55,190
Ted Savage,R,73,185,0.233,34,190
Ron Davis,R,72,175,0.233,10,180
Andres Thomas,R,73,170,0.234,42,170
Rick Sweet,B,73,200,0.234,6,200
Rob Picciolo,R,74,185,0.234,17,190
Jerry May,R,74,190,0.234,15,190
Bill Sudakis,B,73,190,0.234,59,190
Len Matuszek,L,74,190,0.234,30,190
Fred Kendall,R,73,185,0.234,31,190
Jerry Dybzinski,R,74,180,0.234,3,180
Jim Fairey,L,70,190,0.235,7,190
Andy Etchebarren,R,73,190,0.235,49,190
Tim Harkness,L,74,182,0.235,14,190
Cesar Gutierrez,R,69,155,0.235,0,160
Chris Cannizzaro,R,72,190,0.235,18,190
Julio Gonzalez,R,71,162,0.235,4,170
Bobby Mitchell,R,75,185,0.235,21,190
Fernando Gonzalez,R,70,165,0.235,17,170
Dalton Jones,L,73,180,0.235,41,180
Phil Linz,R,73,180,0.235,11,180
Craig Kusick,R,75,210,0.235,46,210
Al Luplow,L,70,175,0.235,33,180
Dave Kingman,R,78,210,0.236,442,210
Kurt Bevacqua,R,72,180,0.236,27,180
Byron Browne,R,74,190,0.236,30,190
Billy Cowan,R,72,170,0.236,40,170
Paul Householder,B,72,180,0.236,29,180
George Mitterwald,R,74,195,0.236,76,200
Bobby Knoop,R,73,170,0.236,56,170
Danny Goodwin,L,73,195,0.236,13,200
Bud Harrelson,B,71,160,0.236,7,160
Woody Woodward,R,74,180,0.236,1,180
Andy Kosco,R,75,205,0.236,73,210
Randy Hundley,R,71,170,0.236,82,170
Rodney Scott,B,72,160,0.236,3,160
Eddie Leon,R,72,170,0.236,24,170
Dave Rosello,R,71,160,0.236,10,160
Dale Berra,R,72,180,0.236,49,180
Bob Meacham,B,73,175,0.236,8,180
Luis Aguayo,R,69,173,0.236,37,180
Billy Grabarkewitz,R,70,165,0.236,28,170
Don Hahn,R,73,180,0.236,7,180
Doug Ault,R,75,200,0.236,17,200
Ivan Murrell,R,74,195,0.236,33,200
Aurelio Rodriguez,R,70,180,0.237,124,180
Jimmy Stewart,B,72,165,0.237,8,170
Rafael Landestoy,B,70,165,0.237,4,170
Glenn Burke,R,72,195,0.237,2,200
Jerry McNertney,R,72,180,0.237,27,180
Curt Blefary,L,74,195,0.237,112,200
Dave Edwards,R,72,170,0.237,14,170
Julio Cruz,B,69,165,0.237,23,170
Ed Stroud,L,71,180,0.237,14,180
Harry Spilman,L,73,180,0.237,18,180
Jackie Gutierrez,R,71,175,0.237,4,180
Jerry Kenney,L,73,170,0.237,7,170
Gil Garrido,R,69,150,0.237,1,160
Ed Spiezio,R,71,180,0.238,39,180
Rick Rhoden,R,75,195,0.238,9,200
Don Lock,R,74,195,0.238,122,200
John Donaldson,L,71,160,0.238,4,160
Doug Flynn,R,71,165,0.238,7,170
Chuck Harrison,R,70,185,0.238,17,190
Doc Edwards,R,74,215,0.238,15,220
Phil Gagliano,R,73,180,0.238,14,180
Ty Cline,L,72,170,0.238,6,170
Ron Roenicke,B,72,180,0.238,17,180
Norm Miller,L,70,185,0.238,24,190
Ed Kirkpatrick,L,71,195,0.238,85,200
Wayne Garrett,L,71,175,0.239,61,180
Chuck Schilling,R,70,160,0.239,23,160
Dave Roberts,R,75,215,0.239,49,220
Bernie Allen,L,72,175,0.239,73,180
Bruce Bochy,R,75,205,0.239,26,210
Duke Sims,L,74,197,0.239,100,200
Joe Hague,L,72,195,0.239,40,200
Bobby Clark,R,72,190,0.239,19,190
Onix Concepcion,R,66,160,0.239,3,160
Kiko Garcia,R,71,180,0.239,12,180
Charley Smith,R,73,170,0.239,69,170
Ken Phelps,L,73,209,0.239,123,210
Ron Brand,R,67,167,0.239,3,170
Ken Harrelson,R,74,190,0.239,131,190
Mike Ramsey,B,73,170,0.24,2,170
Mike Phillips,L,72,170,0.24,11,170
Ron Hodges,L,73,185,0.24,19,190
Ted Martinez,R,72,165,0.24,7,170
Ed Herrmann,L,73,195,0.24,80,200
Gary Gray,R,72,187,0.24,24,190
Dick Green,R,70,180,0.24,80,180
Domingo Ramos,R,70,154,0.24,8,160
Bill Schroeder,R,74,200,0.24,61,200
Pepe Frias,R,70,159,0.24,1,160
Joe Ferguson,R,74,200,0.24,122,200
Chico Ruiz,B,72,169,0.24,2,170
Rod Kanehl,R,73,180,0.241,6,180
Frank Tepedino,L,71,185,0.241,6,190
Dave Skaggs,R,74,200,0.241,3,200
Mike Tyson,R,69,170,0.241,27,170
Mickey Klutts,R,71,170,0.241,14,170
Bill Fahey,L,72,200,0.241,7,200
Tom Veryzer,R,73,175,0.241,14,180
Ron Stone,L,74,185,0.241,6,190
Bill Nahorodny,R,74,200,0.241,25,200
Joe Gaines,R,73,190,0.241,21,190
Hank Allen,R,72,190,0.241,6,190
Gene Tenace,R,72,190,0.241,201,190
Wayne Tolleson,B,69,160,0.241,9,160
Manny Castillo,B,69,160,0.242,3,160
Willie Norwood,R,72,185,0.242,18,190
Joe Simpson,L,75,175,0.242,9,180
Mike Hegan,L,73,188,0.242,53,190
Don Wert,R,70,162,0.242,77,170
Bob Robertson,R,73,195,0.242,115,200
Glenn Hoffman,R,73,175,0.242,23,180
Bruce Benedict,R,73,175,0.242,18,180
Johnny Edwards,L,76,220,0.242,81,220
Bob Brower,R,71,185,0.242,17,190
Ron Swoboda,R,74,195,0.242,73,200
Freddie Patek,R,65,148,0.242,41,160
Pepe Mangual,R,70,157,0.242,16,160
Marty Martinez,B,72,170,0.243,0,170
Darryl Motley,R,69,196,0.243,44,200
Ozzie Virgil,R,73,180,0.243,98,180
Chuck Hiller,L,71,170,0.243,20,170
Nate Colbert,R,74,190,0.243,173,190
Gary Woods,R,74,185,0.243,13,190
Bobby Mitchell,L,70,170,0.243,3,170
Steve Dillard,R,73,180,0.243,13,180
Rick Sofield,L,73,195,0.243,9,200
Mark Wagner,R,72,165,0.243,3,170
Rey Quinones,R,71,160,0.243,29,160
Hal Breeden,R,74,200,0.243,21,200
Mike Jorgensen,L,72,195,0.243,95,200
Rick Joseph,R,73,192,0.243,13,200
Gary Sutherland,R,72,185,0.243,24,190
Pedro Gonzalez,R,72,176,0.244,8,180
Johnny Jeter,R,73,180,0.244,18,180
Glenn Hubbard,R,69,150,0.244,70,160
Leroy Stanton,R,73,195,0.244,77,200
Ray Webster,L,72,185,0.244,17,190
Jim Essian,R,74,195,0.244,33,200
Deron Johnson,R,74,200,0.244,245,200
Paul Schaal,R,71,165,0.244,57,170
Dave Nelson,R,70,160,0.244,20,160
Joe Wallis,B,71,180,0.244,16,180
Mike Epstein,L,75,230,0.244,130,230
Floyd Rayford,R,70,190,0.244,38,190
Jack Brohamer,L,70,165,0.245,30,170
Angel Mangual,R,70,178,0.245,22,180
Roger Freed,R,72,190,0.245,22,190
Bobby Brown,B,74,190,0.245,26,190
Ted Cox,R,75,195,0.245,10,200
Roberto Pena,R,68,170,0.245,13,170
Sandy Alomar,B,69,140,0.245,13,160
Jody Davis,R,76,192,0.245,127,200
Tom Tresh,B,73,180,0.245,153,180
Doug Griffin,R,72,160,0.245,7,160
George Wright,B,71,180,0.245,42,180
Bryan Little,B,70,160,0.245,3,160
Alan Ashby,B,74,185,0.245,90,190
Ellie Rodriguez,R,71,185,0.245,16,190
Curt Ford,L,70,150,0.245,7,160
Tommy McCraw,L,72,183,0.246,75,190
Tom Brookens,R,70,165,0.246,71,170
Charlie Spikes,R,75,215,0.246,65,220
Joe Keough,L,72,185,0.246,9,190
Rafael Santana,R,73,165,0.246,13,170
Dave Marshall,L,73,182,0.246,16,190
Bruce Miller,R,73,185,0.246,1,190
Mike Anderson,R,74,200,0.246,28,200
Chris Speier,R,73,175,0.246,112,180
Marty Perez,R,71,160,0.246,22,160
Dwayne Murphy,L,73,185,0.246,166,190
Garry Hancock,L,72,175,0.247,12,180
Bucky Dent,R,69,170,0.247,40,170
Gary Roenicke,R,75,205,0.247,121,210
Lou Clinton,R,73,185,0.247,65,190
Adolfo Phillips,R,73,175,0.247,59,180
Dick McAuliffe,L,71,176,0.247,197,180
Mike Diaz,R,74,195,0.247,31,200
Darrell Porter,L,72,193,0.247,188,200
Marvell Wynne,L,71,175,0.247,40,180
Brant Alyea,R,75,215,0.247,38,220
Mike Lum,L,72,180,0.247,90,180
Earl Williams,R,75,215,0.247,138,220
Bob Heise,R,72,175,0.247,1,180
Max Alvis,R,71,185,0.247,111,190
Merritt Ranew,L,71,170,0.247,8,170
Bob Brenly,R,74,210,0.247,91,210
Ken Hubbs,R,74,175,0.247,14,180
Mike Young,B,74,195,0.247,72,200
Ed Romero,R,71,160,0.247,8,160
Darrell Evans,L,74,200,0.248,414,200
Jim Lyttle,L,72,180,0.248,9,180
Ken Boswell,L,72,170,0.248,31,170
Ken McMullen,R,75,190,0.248,156,190
Dick Howser,R,68,155,0.248,16,160
Willie Smith,L,72,182,0.248,46,190
Graig Nettles,L,72,180,0.248,390,180
Joe Foy,R,72,215,0.248,58,220
Tom Hutton,L,71,180,0.248,22,180
Danny Thompson,R,72,183,0.248,15,190
Jim Sundberg,R,72,190,0.248,95,190
Rob Wilfong,L,73,180,0.248,39,180
Ron Theobald,R,68,165,0.248,2,170
Carl Warwick,R,70,170,0.248,31,170
Butch Hobson,R,73,193,0.248,98,200
Mickey Stanley,R,73,185,0.248,117,190
Junior Kennedy,R,71,175,0.248,4,180
Rod Gilbreath,R,74,180,0.248,14,180
Steve Nicosia,R,70,185,0.248,11,190
Larry Harlow,L,74,185,0.248,12,190
Luis Melendez,R,72,165,0.248,9,170
Gary Thomasson,L,73,180,0.249,61,180
Tony Scott,B,72,164,0.249,17,170
Chico Salmon,R,70,160,0.249,31,160
Derrel Thomas,B,72,160,0.249,43,160
John Milner,L,72,185,0.249,131,190
Alex Trevino,R,70,165,0.249,23,170
Don Mincher,L,75,205,0.249,200,210
John Orsino,R,75,215,0.249,40,220
Jerry Royster,R,72,165,0.249,40,170
Tito Landrum,R,71,175,0.249,13,180
Tom Grieve,R,74,190,0.249,65,190
Denny Doyle,L,69,175,0.25,16,180
Dick Bertell,R,72,200,0.25,10,200
Johnny Oates,L,71,188,0.25,14,190
Terry Crowley,L,72,180,0.25,42,180
Rick Bosetti,R,71,185,0.25,17,190
Marv Breeding,R,72,175,0.25,7,180
Paul Blair,R,72,168,0.25,134,170
Jim Pankovits,R,70,170,0.25,9,170
Nick Esasky,R,75,200,0.25,122,200
Jim Spencer,L,74,195,0.25,146,200
Bob Stinson,B,71,180,0.25,33,180
Fran Healy,R,77,220,0.25,20,220
Joe Strain,R,70,169,0.25,1,170
Mike Edwards,R,70,154,0.25,2,160
Greg Pryor,R,72,180,0.25,14,180
Ruppert Jones,L,70,170,0.25,147,170
Jake Wood,R,73,163,0.25,35,170
Jimmy Wynn,R,70,160,0.25,291,160
Leron Lee,L,72,196,0.25,31,200
Denis Menke,R,72,185,0.25,101,190
Wilbur Howard,B,74,170,0.25,6,170
Otto Velez,R,72,170,0.251,78,170
Rico Petrocelli,R,72,175,0.251,210,180
Benny Ayala,R,73,185,0.251,38,190
Jim Lefebvre,B,72,180,0.251,74,180
Mike de la Hoz,R,71,175,0.251,25,180
U L Washington,B,71,175,0.251,27,180
Barry Evans,R,73,180,0.251,2,180
Lenny Faedo,R,72,170,0.251,5,170
Tim Foli,R,72,179,0.251,25,180
Albert Hall,B,71,155,0.251,5,160
Jack Hiatt,R,74,190,0.251,22,190
Jerry Martin,R,73,195,0.251,85,200
Sonny Jackson,L,69,150,0.251,7,160
Andre Robertson,R,70,155,0.251,5,160
Dave May,L,70,186,0.251,96,190
Bobby Darwin,R,74,190,0.251,83,190
Doug Rader,R,74,208,0.251,155,210
Rob Andrews,R,72,185,0.251,3,190
Jerry Moses,R,75,210,0.251,25,210
Jesse Gonder,L,70,180,0.251,26,180
Jim Hickman,R,75,192,0.252,159,200
Joe Azcue,R,72,190,0.252,50,190
Omar Moreno,L,74,180,0.252,37,180
Mike Hershberger,R,70,175,0.252,26,180
Dave Chalk,R,70,175,0.252,15,180
Don Kessinger,B,73,170,0.252,14,170
Mack Jones,L,73,180,0.252,133,180
Lynn Jones,R,69,175,0.252,7,180
Tony Armas,R,71,182,0.252,251,190
Jerry Grote,R,70,185,0.252,39,190
Fred Whitfield,L,73,190,0.253,108,190
Eddie Milner,L,71,173,0.253,42,180
Jerry White,B,70,164,0.253,21,170
John Mayberry,L,75,215,0.253,255,220
Larvell Blanks,R,68,167,0.253,20,170
John Lowenstein,L,72,175,0.253,116,180
Bill Melton,R,74,200,0.253,160,200
Rich Reese,L,75,185,0.253,52,190
Johnny Briggs,L,73,190,0.253,139,190
Terry Harper,R,76,195,0.253,36,200
Dan Meyer,L,71,180,0.253,86,180
Len Gabrielson,L,76,210,0.253,37,210
Roy Foster,R,72,185,0.253,45,190
Art Shamsky,L,73,168,0.253,68,170
Jerry Terrell,R,71,165,0.253,4,170
Ivan DeJesus,R,71,175,0.254,21,180
Sal Bando,R,72,195,0.254,242,200
Rich Chiles,L,71,170,0.254,6,170
Gene Alley,R,70,160,0.254,55,160
Pete Ward,L,73,185,0.254,98,190
Larry Milbourne,B,72,161,0.254,11,170
Felix Torres,R,71,165,0.254,27,170
Jimmie Hall,L,72,175,0.254,121,180
Bob Boone,R,74,195,0.254,105,200
Andre Thornton,R,75,200,0.254,253,200
Bill Almon,R,75,180,0.254,36,180
Brian Asselstine,L,73,175,0.254,12,180
Bo Diaz,R,71,185,0.255,87,190
Pat Putnam,L,72,205,0.255,63,210
Frank White,R,71,165,0.255,160,170
Tim Flannery,L,71,175,0.255,9,180
Ken Berry,R,72,175,0.255,58,180
Frank Taveras,R,72,155,0.255,2,160
Tony Solaita,L,72,210,0.255,50,210
Bob Dernier,R,72,160,0.255,23,160
Charlie James,R,73,195,0.255,29,200
Lee Thomas,L,74,195,0.255,106,200
Wallace Johnson,B,72,173,0.255,5,180
Tommie Agee,R,71,195,0.255,130,200
Champ Summers,L,74,205,0.255,54,210
Butch Wynegar,B,73,190,0.255,65,190
Mike Shannon,R,75,195,0.255,68,200
Bill Sharp,L,70,178,0.255,9,180
Juan Bonilla,R,69,170,0.256,7,170
Walt Bond,L,79,228,0.256,41,230
Cito Gaston,R,75,190,0.256,91,190
Billy Conigliaro,R,72,180,0.256,40,180
Horace Clarke,B,69,170,0.256,27,170
Craig Reynolds,L,73,175,0.256,42,180
Ike Brown,R,72,190,0.256,20,190
Boots Day,L,69,160,0.256,8,160
Ray Fosse,R,74,215,0.256,61,220
Bob Oliver,R,75,205,0.256,94,210
Tom O'Malley,L,72,180,0.256,13,180
Julian Javier,R,73,175,0.257,78,180
Ken Henderson,B,74,180,0.257,122,180
Rick Manning,L,73,180,0.257,56,180
Bob Randall,R,74,175,0.257,1,180
Roy Smalley,B,73,185,0.257,163,190
Gates Brown,L,71,220,0.257,84,220
Pete LaCock,L,74,200,0.257,27,200
Mario Guerrero,R,70,155,0.257,7,160
Biff Pocoroba,B,70,175,0.257,21,180
Len Randle,B,70,169,0.257,27,170
Bob Bailey,R,73,180,0.257,189,180
Jerry Turner,L,69,180,0.257,45,180
Tommy Harper,R,69,165,0.257,146,170
Tom Haller,L,76,195,0.257,134,200
Leo Cardenas,R,71,150,0.257,118,160
Rich Dauer,R,72,180,0.257,43,180
Dave Rader,L,71,165,0.257,30,170
Bill Robinson,R,74,189,0.258,166,190
Duane Josephson,R,72,190,0.258,23,190
Cesar Geronimo,L,72,165,0.258,51,170
Bob Montgomery,R,73,195,0.258,23,200
Steve Brye,R,72,190,0.258,30,190
Jerry Hairston,B,70,170,0.258,30,170
Mike Andrews,R,75,195,0.258,66,200
Cliff Johnson,R,76,215,0.258,196,220
Lou Johnson,R,71,170,0.258,48,170
Joe Lefebvre,L,70,170,0.258,31,170
Steve Hovley,L,70,188,0.258,8,190
Mike Cubbage,L,72,180,0.258,34,180
Joe Pepitone,L,74,185,0.258,219,190
Del Unser,L,73,180,0.258,87,180
Garth Iorg,R,71,170,0.258,20,170
Tony Muser,L,74,180,0.259,7,180
Mike Davis,L,74,175,0.259,91,180
Ron Jackson,R,72,200,0.259,56,200
Mickey Brantley,R,70,180,0.259,32,180
Clint Hurdle,L,75,195,0.259,32,200
Hosken Powell,L,73,175,0.259,17,180
Doug DeCinces,R,74,190,0.259,237,190
Ed Ott,L,70,190,0.259,33,190
Alan Wiggins,B,74,160,0.259,5,160
Lee Mazzilli,B,73,180,0.259,93,180
Jerry Morales,R,70,155,0.259,95,160
Bert Campaneris,R,70,160,0.259,79,160
Al Ferrara,R,73,200,0.259,51,200
Mark Brouhard,R,73,210,0.259,25,210
Rowland Office,L,72,170,0.259,32,170
John Stearns,R,72,185,0.26,46,190
Ed Goodson,L,75,180,0.26,30,180
Jim Morrison,R,71,175,0.26,112,180
Don Baylor,R,73,190,0.26,338,190
Ken Reitz,R,72,180,0.26,68,180
Art Howe,R,74,190,0.26,43,190
Larry Bowa,B,70,155,0.26,15,160
Jim Dwyer,L,70,165,0.26,77,170
Greg Walker,L,75,205,0.26,113,210
Brock Davis,L,70,160,0.26,1,160
Jim Wohlford,R,71,175,0.26,21,180
Julio Gotay,R,72,180,0.26,6,180
Mike Squires,L,71,185,0.26,6,190
Bobby Valentine,R,70,189,0.26,12,190
Phil Garner,R,70,175,0.26,109,180
Elliott Maddox,R,71,180,0.261,18,180
Ed Kranepool,L,75,205,0.261,118,210
Jeff Burroughs,R,73,200,0.261,240,200
Billy North,B,71,185,0.261,20,190
Dick Dietz,R,73,195,0.261,66,200
Jose Tartabull,L,71,165,0.261,2,170
Ron Washington,R,71,155,0.261,20,160
Roy Howell,L,73,190,0.261,80,190
Bob Chance,L,74,196,0.261,24,200
Charlie Moore,R,71,180,0.261,36,180
Rick Reichardt,R,75,210,0.261,116,210
Davey Johnson,R,73,170,0.261,136,170
Don Money,R,73,170,0.261,176,170
Ron Cey,R,70,185,0.261,316,190
Jason Thompson,L,76,200,0.261,208,200
John Wockenfuss,R,72,190,0.262,86,190
Scot Thompson,L,75,195,0.262,5,200
Dave Engle,R,75,210,0.262,31,210
Ted Sizemore,R,70,165,0.262,23,170
Willie Upshaw,L,72,185,0.262,123,190
Reggie Jackson,L,72,195,0.262,563,200
John Wathan,R,74,205,0.262,21,210
John Ellis,R,74,225,0.262,69,230
Bill Freehan,R,75,203,0.262,200,210
Joe Nolan,L,71,175,0.263,27,180
Bruce Boisclair,L,74,185,0.263,10,190
Cookie Rojas,R,70,160,0.263,54,160
Larry Parrish,R,75,190,0.263,256,190
Milt May,L,72,190,0.263,77,190
Al Gallagher,R,72,180,0.263,11,180
Richie Scheinblum,B,73,180,0.263,13,180
Ted Uhlaender,L,74,190,0.263,36,190
Davey Lopes,R,69,170,0.263,155,170
Manny Trillo,R,73,150,0.263,61,160
Bill Russell,R,72,175,0.263,46,180
Ed Charles,R,70,170,0.263,86,170
Eric Soderholm,R,71,187,0.264,102,190
Junior Moore,R,71,185,0.264,7,190
Chuck Hinton,R,73,180,0.264,113,180
Toby Harrah,R,72,175,0.264,195,180
Rick Monday,L,75,193,0.264,241,200
Jim Norris,L,70,175,0.264,7,180
Bernie Carbo,L,71,173,0.264,96,180
Bob Molinaro,L,72,190,0.264,14,190
Don Buford,B,67,160,0.264,93,160
Ken Retzer,L,72,185,0.264,14,190
Phil Mankowski,L,72,180,0.264,8,180
Pat Kelly,L,73,185,0.264,76,190
Bob Bailor,R,71,170,0.264,9,170
Joe Rudi,R,74,200,0.264,179,200
Tony Conigliaro,R,75,185,0.264,166,190
Oscar Gamble,L,71,160,0.265,200,160
Bombo Rivera,R,70,187,0.265,10,190
Dick Davis,R,75,190,0.265,27,190
Miguel Dilone,B,72,160,0.265,6,160
Bobby Tolan,L,71,170,0.265,86,170
Mike Brown,R,74,195,0.265,23,200
Joel Youngblood,R,72,180,0.265,80,180
Rich Coggins,L,68,170,0.265,12,170
Ron Oester,B,74,185,0.265,42,190
Jim Holt,L,72,180,0.265,19,180
Ollie Brown,R,74,178,0.265,102,180
Jim Fregosi,R,73,190,0.265,151,190
Daryl Sconiers,L,74,185,0.265,15,190
Dave Revering,L,76,210,0.265,62,210
Bump Wills,B,69,172,0.266,36,180
Jeffrey Leonard,R,74,200,0.266,144,200
Mitchell Page,L,74,205,0.266,72,210
Bobby Grich,R,74,180,0.266,224,180
Wayne Krenchicki,L,73,180,0.266,15,180
Carl Taylor,R,74,200,0.266,10,200
Boog Powell,L,76,230,0.266,339,230
Reid Nichols,R,71,165,0.266,22,170
Joe Charboneau,R,74,205,0.266,29,210
Gail Hopkins,L,70,198,0.266,25,200
Jay Johnstone,L,73,175,0.267,102,180
Dave Concepcion,R,74,155,0.267,101,160
Jim Northrup,L,75,190,0.267,153,190
Barbaro Garbey,R,70,170,0.267,11,170
Bill Stein,R,70,170,0.267,44,170
R.J. Reynolds,B,72,190,0.267,35,190
Johnny Bench,R,73,197,0.267,389,200
Lee May,R,75,195,0.267,354,200
Dan Driessen,L,71,187,0.267,153,190
Wes Parker,B,73,180,0.267,64,180
Leon Roberts,R,75,200,0.267,78,200
Mike Schmidt,R,74,195,0.267,548,200
Bubba Morton,R,70,175,0.267,14,180
Willie Crawford,L,73,197,0.268,86,200
George Vukovich,L,72,198,0.268,27,200
Ken Landreaux,L,70,165,0.268,91,170
George Scott,R,74,200,0.268,271,200
Tony Horton,R,75,210,0.268,76,210
David Green,R,75,170,0.268,31,170
Bobby Bonds,R,73,190,0.268,332,190
Tito Fuentes,B,71,175,0.268,45,180
Rick Leach,L,73,180,0.268,18,180
Tom Poquette,L,70,175,0.268,10,180
Rich Rollins,R,70,185,0.269,77,190
Chris Brown,R,72,185,0.269,38,190
Ron Pruitt,R,72,185,0.269,12,190
Mike Ivie,R,75,205,0.269,81,210
Tommy Helms,R,70,165,0.269,34,170
Rick Miller,L,72,175,0.269,28,180
Walt Williams,R,66,165,0.27,33,170
Dan Ford,R,73,185,0.27,121,190
Al Cowens,R,73,197,0.27,108,200
Rufino Linares,R,72,170,0.27,11,170
Paul Dade,R,73,185,0.27,10,190
Tim Corcoran,L,71,175,0.27,12,180
Jack Perconte,L,70,160,0.27,2,160
Alan Bannister,R,71,170,0.27,19,170
Merv Rettenmund,R,70,190,0.271,66,190
Al Woods,L,75,190,0.271,35,190
Rudy Law,L,73,165,0.271,18,170
Duane Kuiper,L,72,175,0.271,1,180
Joe Morgan,L,67,160,0.271,268,160
Steve Braun,L,70,180,0.271,52,180
Ray Knight,R,73,185,0.271,84,190
Dave Stapleton,R,73,178,0.271,41,180
Willie Aikens,L,75,220,0.271,110,220
Broderick Perkins,L,70,180,0.271,8,180
Roy White,B,70,160,0.271,160,160
Sixto Lezcano,R,70,165,0.271,148,170
Dave Collins,B,71,175,0.272,32,180
Manny Jimenez,L,73,185,0.272,26,190
Bob Johnson,R,70,175,0.272,44,180
Barry Bonnell,R,75,190,0.272,56,190
Thad Bosley,L,75,175,0.272,20,180
Bill Sample,R,69,175,0.272,46,180
Von Joshua,L,70,170,0.273,30,170
Larry Hisle,R,74,193,0.273,166,200
Ron Hunt,R,72,186,0.273,39,190
Larry Biittner,L,74,205,0.273,29,210
Ben Oglivie,L,74,160,0.273,235,160
Chet Lemon,R,72,190,0.273,215,190
Rick Burleson,R,70,165,0.273,50,170
Willie Horton,R,71,209,0.273,325,210
Gene Locklear,L,70,165,0.274,9,170
George Foster,R,73,180,0.274,348,180
Juan Beniquez,R,71,150,0.274,79,160
Rennie Stennett,R,71,160,0.274,41,160
Donn Clendenon,R,76,209,0.274,159,210
Larry Herndon,R,75,190,0.274,107,190
Terry Francona,L,73,190,0.274,16,190
Carlos May,L,71,200,0.274,90,200
Steve Ontiveros,B,72,185,0.274,24,190
Darrell Brown,B,72,184,0.274,1,190
Jose Cardenal,R,70,150,0.275,138,160
Willie Montanez,L,72,170,0.275,139,170
Jerry Remy,L,69,165,0.275,7,170
Dane Iorg,L,72,180,0.276,14,180
Richie Hebner,L,73,195,0.276,203,200
Greg Luzinski,R,73,220,0.276,307,220
Gary Ward,R,74,195,0.276,130,200
Danny Cater,R,72,170,0.276,66,170
Gene Clines,R,69,170,0.277,5,170
Jeff Stone,L,72,175,0.277,11,180
Ron Santo,R,72,190,0.277,342,190
Leon Durham,L,73,185,0.277,147,190
Amos Otis,R,71,165,0.277,193,170
Enos Cabell,R,76,170,0.277,60,170
Bob Horner,R,73,195,0.277,218,200
Rick Peters,B,69,170,0.277,2,170
Bobby Murcer,L,71,160,0.277,252,160
Cesar Tovar,R,69,155,0.278,46,160
Jim Ray Hart,R,71,185,0.278,170,190
Jorge Orta,L,70,170,0.278,130,170
George Hendrick,R,75,195,0.278,267,200
Claudell Washington,L,72,190,0.278,164,190
Dusty Baker,R,74,183,0.278,242,190
Johnny Grubb,L,75,175,0.278,99,180
Steve Kemp,L,72,195,0.278,130,200
John Castino,R,71,175,0.278,41,180
Ellis Valentine,R,76,205,0.278,123,210
Chris Chambliss,L,73,195,0.279,185,200
Tony Perez,R,74,175,0.279,379,180
Rusty Staub,L,74,190,0.279,292,190
Mike Vail,R,73,180,0.279,34,180
Vic Davalillo,L,67,150,0.279,36,160
Felix Millan,R,71,172,0.279,22,180
Buddy Bell,R,73,180,0.279,201,180
Keith Moreland,R,72,190,0.279,121,190
Willie Davis,L,74,180,0.279,182,180
Jesus Alou,R,74,190,0.28,32,190
Steve Henderson,R,74,190,0.28,68,190
Mickey Hatcher,R,74,200,0.28,38,200
Glenn Adams,L,73,180,0.28,34,180
Al Bumbry,L,68,170,0.281,54,170
Gary Matthews,R,74,185,0.281,234,190
Terry Whitfield,L,73,197,0.281,33,200
Cleon Jones,R,72,185,0.281,93,190
Ken Singleton,B,76,210,0.282,246,210
Tom Paciorek,R,76,215,0.282,86,220
Bruce Bochte,L,75,195,0.282,100,200
Wayne Nordhagen,R,74,205,0.282,39,210
Willie Stargell,L,74,188,0.282,475,190
Floyd Robinson,L,69,175,0.283,67,180
Dave Cash,R,71,170,0.283,21,170
Fred Lynn,L,73,185,0.283,306,190
Damaso Garcia,R,73,165,0.283,36,170
Glenn Beckert,R,73,190,0.283,22,190
Jose Cruz,L,72,170,0.284,165,170
Carl Yastrzemski,L,71,175,0.285,452,180
Garry Maddox,R,75,175,0.285,117,180
Ted Simmons,B,71,193,0.285,248,200
Cesar Cedeno,R,74,175,0.285,199,180
Lee Lacy,R,73,175,0.286,91,180
Tony Gonzalez,L,69,170,0.286,103,170
Phil Bradley,R,72,185,0.286,78,190
Greg Gross,L,70,160,0.287,7,160
Richie Zisk,R,73,200,0.287,207,200
Lamar Johnson,R,74,215,0.287,64,220
Jose Morales,R,71,187,0.287,26,190
Reggie Smith,B,72,180,0.287,314,180
Alex Johnson,R,72,205,0.288,78,210
Ron LeFlore,R,72,200,0.288,59,200
Bill Buckner,L,72,185,0.289,174,190
Jerry Mumphrey,B,74,185,0.289,70,190
Hal McRae,R,71,180,0.29,191,180
Johnny Ray,B,71,170,0.29,53,170
Gene Richards,L,72,175,0.29,26,180
Mike Hargrove,L,72,195,0.29,80,200
Lou Piniella,R,72,182,0.291,102,190
Thurman Munson,R,71,190,0.292,113,190
Dick Allen,R,71,187,0.292,351,190
Lou Brock,L,71,170,0.293,149,170
Mike Easler,L,72,190,0.293,118,190
Ron Blomberg,L,73,195,0.293,52,200
Steve Garvey,R,70,192,0.294,272,200
Mickey Rivers,L,70,165,0.295,61,170
Bob Watson,R,72,201,0.295,184,210
Manny Sanguillen,R,72,193,0.296,65,200
Keith Hernandez,L,72,180,0.296,162,180
Joe Torre,R,74,212,0.297,252,220
Jim Rice,R,74,200,0.298,382,200
Cecil Cooper,L,74,165,0.298,241,170
Bake McBride,L,74,190,0.299,63,190
Rico Carty,R,75,200,0.299,204,200
Pete Rose,B,71,192,0.303,160,200
Al Oliver,L,72,195,0.303,219,200
Tony Oliva,L,73,175,0.304,220,180
Manny Mota,R,70,160,0.304,31,160
Bill Madlock,R,71,180,0.305,163,180
Ralph Garr,L,71,185,0.306,75,190
Matty Alou,L,69,160,0.307,31,160
Lyman Bostock,L,73,180,0.311,23,180
Rod Carew,L,72,170,0.328,92,170
